{"target":
    {
        "Q1": 0.00383,
        "Q2": {
            "1": 0.11111,
            "2": 0.11111,
            "3": 0.11111,
            "4": 0.11111
        },
        "Q3": 111,
        "Q4": 111,
        "Q5": 111,
        "Q6": {
            "Normal": 111,
            "Good": 111,
            "Bad": 111,
            "Very bad": 111
        }
    }
}