{
    "target": {
        "Q1": 0.00383,
        "Q2": {
            "1": 0.6804,
            "2": 0.47805,
            "3": 0.42521,
            "4": 0.49979
        },
        "Q3": 21,
        "Q4": 211,
        "Q5": 208,
        "Q6": {
            "Normal": 265584,
            "Good": 237251,
            "Bad": 101956,
            "Very bad": 16797
        }
    }
}