{"target":
    {
        "Q1": 0.00383,
        "Q2": {
            "1": 0.68040,
            "2": 0.47805,
            "3": 0.42521,
            "4": 0.49979
        },
        "Q3": 21,
        "Q4": 211,
        "Q5": 208,
        "Q6": {
            "Normal": 260379,
            "Good": 223990,
            "Bad": 99525,
            "Very bad": 15160
        }
    }
}